"from","to","action","reason","original_blob"
"demo/test/ai_compare.js","demo/test/reports/ai_compare.js","move","Reusable parameterized comparison report","2bbb334eae1e74cbef28a7b107ba52bc16adfda3"
"demo/test/attack_balance_compare.js","demo/test/milestone/v0.4.4/issues/95/attack_balance_compare.js","move","Issue-specific audit/comparison; original basename and evidence preserved","48ab47676813234ccc950fa3f51f3bc07773ea96"
"demo/test/harness.js","demo/test/shared/harness.js","move","Shared runtime loader","a76354e290311a2c7c2fc922d217f097369492ff"
"demo/test/issue104_cdp.js","demo/test/milestone/v0.4.4/issues/104/issue104_cdp.js","move","Issue-specific audit/comparison; original basename and evidence preserved","cac87d325be288588cf943721346f0b7bc4d9353"
"demo/test/issue106_browser_audit.js","demo/test/milestone/v0.4.4/issues/106/issue106_browser_audit.js","move","Issue-specific audit/comparison; original basename and evidence preserved","fdabfaf6f42bd400241066032573e7c1bd771f81"
"demo/test/issue106_cdp.js","demo/test/milestone/v0.4.4/issues/106/issue106_cdp.js","move","Issue-specific audit/comparison; original basename and evidence preserved","8547cd158ddf9b82e6a569b2b978d050737e3507"
"demo/test/issue114_cdp.js","demo/test/milestone/v0.4.5/issues/114/issue114_cdp.js","move","Issue-specific audit/comparison; original basename and evidence preserved","b18c89da5c1c836aa2e7ea9eed579da43568035a"
"demo/test/issue91_cdp.js","demo/test/milestone/v0.4.4/issues/91/issue91_cdp.js","move","Issue-specific audit/comparison; original basename and evidence preserved","57fb03c28874541d59fbd01aabf8f0ffda0ee3d7"
"demo/test/issue92_cdp.js","demo/test/milestone/v0.4.4/issues/92/issue92_cdp.js","move","Issue-specific audit/comparison; original basename and evidence preserved","ca76b3270834630cb6fd7f67c20bf497a685291c"
"demo/test/issue93_cdp.js","demo/test/milestone/v0.4.4/issues/93/issue93_cdp.js","move","Issue-specific audit/comparison; original basename and evidence preserved","febcfc9d1bb58aa3031f83c1b456135fb661b1cd"
"demo/test/issue95_cdp.js","demo/test/milestone/v0.4.4/issues/95/issue95_cdp.js","move","Issue-specific audit/comparison; original basename and evidence preserved","7dce904857515baf37966ffcee96912f122a84ee"
"demo/test/issue96_cdp.js","demo/test/milestone/v0.4.4/issues/96/issue96_cdp.js","move","Issue-specific audit/comparison; original basename and evidence preserved","452e88cfe06a6f308265267ba19b38ec12b67e6a"
"demo/test/memo_cdp.js","demo/test/milestone/v0.4.4/issues/94/memo_cdp.js","move","Issue-specific audit/comparison; original basename and evidence preserved","783e873e6c8307c82a727556c9f2269ef859cd34"
"demo/test/minion_art_cdp.js","demo/test/milestone/v0.4.3/issues/89/minion_art_cdp.js","move","Issue-specific audit/comparison; original basename and evidence preserved","1f62e5c65de5471a3b350bc883f2cc78129ac429"
"demo/test/orientation_audit_cdp.js","demo/test/milestone/v0.4.4/issues/104/orientation_audit_cdp.js","move","Issue-specific audit/comparison; original basename and evidence preserved","a2a6ea1696f14036a7174d899a94153329d8bdd6"
"demo/test/shock_compare.js","demo/test/milestone/v0.4.4/issues/96/shock_compare.js","move","Issue-specific audit/comparison; original basename and evidence preserved","c254f28c07e1a6583a67210bb1abbf18bdd3c74e"
"demo/test/smoke_ai_completion.js","demo/test/regression/smoke_ai_completion.js","move","Maintained CI regression; sibling discovery preserved","fa453bedcabc540c64d06f928dfe9c8c1a0a49ee"
"demo/test/smoke_attack_balance.js","demo/test/regression/smoke_attack_balance.js","move","Maintained CI regression; sibling discovery preserved","2e9ed45d0c7eadbabb08f771453150944b29262a"
"demo/test/smoke_cross_skill.js","demo/test/regression/smoke_cross_skill.js","move","Maintained CI regression; sibling discovery preserved","e2b8b6c44de31fa1e2942b8a8c780ad616d572a7"
"demo/test/smoke_cycle5.js","demo/test/regression/smoke_cycle5.js","move","Maintained CI regression; sibling discovery preserved","7f1b48e29478890bc045881c27f0ff3f84d892d7"
"demo/test/smoke_issue114.js","demo/test/regression/smoke_issue114.js","move","Maintained CI regression; sibling discovery preserved","fc4322791458d1bbfcd9c76dc444709a0b6d01f2"
"demo/test/smoke_memo.js","demo/test/regression/smoke_memo.js","move","Maintained CI regression; sibling discovery preserved","be45974ce4b70834bd60916367de5e15488fe290"
"demo/test/smoke_minion_art.js","demo/test/regression/smoke_minion_art.js","move","Maintained CI regression; sibling discovery preserved","2f5ff7dc5d063ac07a6f432ca62abda16163eb96"
"demo/test/smoke_online.js","demo/test/regression/smoke_online.js","move","Maintained CI regression; sibling discovery preserved","405e6b52cb785f81145d1e84880882bc5058f313"
"demo/test/smoke_online_sync.js","demo/test/regression/smoke_online_sync.js","move","Maintained CI regression; sibling discovery preserved","d497df137e748749da79bc2e238eff41d8c8b6fc"
"demo/test/smoke_orientation_audit.js","demo/test/regression/smoke_orientation_audit.js","move","Maintained CI regression; sibling discovery preserved","9806e71dbda24f4f19ccc04bb0f74572cb944ca6"
"demo/test/smoke_own_side.js","demo/test/regression/smoke_own_side.js","move","Maintained CI regression; sibling discovery preserved","e8f72af8f185fdf2882da9eed34e09976a6a71be"
"demo/test/smoke_shock.js","demo/test/regression/smoke_shock.js","move","Maintained CI regression; sibling discovery preserved","43d6869c4a588c78f7d6875fc87c019230e04a14"
"demo/test/smoke_testclient.js","demo/test/regression/smoke_testclient.js","move","Maintained CI regression; sibling discovery preserved","4f0a4a931a9eeb5301af060b25b4985125885e52"
"demo/test/smoke_turnflow.js","demo/test/regression/smoke_turnflow.js","move","Maintained CI regression; sibling discovery preserved","c35e385c219c389d61413e778fc3681c4f74fdb3"
"demo/test/smoke_turnflow_timers.js","demo/test/regression/smoke_turnflow_timers.js","move","Maintained CI regression; sibling discovery preserved","8680b8855a59c191976ef1231f69a9cb9dc7802d"
"demo/test/smoke_tutorial.js","demo/test/regression/smoke_tutorial.js","move","Maintained CI regression; sibling discovery preserved","84fe727b3c2ca27aa8454788aad63066d26bee69"
"demo/test/tut_layout_cdp.js","demo/test/milestone/v0.4.0/issues/42/tut_layout_cdp.js","move","Issue-specific audit/comparison; original basename and evidence preserved","4fb9eea7826a5251e33351d83ed384324e97530a"
"tests/test_minion_art.py","tools/art/test/test_minion_art.py","move","Cross-version tool grouped by purpose with its tests/dependencies","03e0f7fe33c94dd411860ec1b9f0ec94d8c3e641"
"tools/docs_link_check.js","tools/docs/docs_link_check.js","move","Cross-version tool grouped by purpose with its tests/dependencies","19c4ee01d275a3f0878df66f40f6bae42115a11f"
"tools/minion_art.py","tools/art/minion_art.py","move","Cross-version tool grouped by purpose with its tests/dependencies","473e5fbc8c9af2db8c0b5b0151b4f7b266de974d"
"tools/readme_media_capture.js","tools/media/readme_media_capture.js","move","Cross-version tool grouped by purpose with its tests/dependencies","25880cd037ed63ba4045e48a65b8de7ad0b9dd04"
"tools/requirements-art.txt","tools/art/requirements-art.txt","move","Cross-version tool grouped by purpose with its tests/dependencies","7a0bb54fac2cefea231e5e5eef3f24365eabe213"
"tools/test/docs_link_check_test.js","tools/docs/test/docs_link_check_test.js","move","Cross-version tool grouped by purpose with its tests/dependencies","9f29b3fd06b50ddb30b5c3bdb90ac7c8933c775b"
"tools/test/readme_media_readonly_test.js","tools/media/test/readme_media_readonly_test.js","move","Cross-version tool grouped by purpose with its tests/dependencies","cb857403494b05983533acbcdfa59fe81751821a"
